model	input	batch	output	in_bytes	out_bytes	params	reps	qps	gpu_ms	h2d_ms	d2h_ms	non_engine_ms	transport_pct	gpu_ms_per_frame	total_ms_per_frame	gpu_ms_min	gpu_ms_max
wrn50_pc	1x3x256x256	1	1x1536x32x32	786432	6291456	24862528	3	1629.1	0.6118	0.0335	0.2440	0.2775	31.21	0.6118	0.8892	0.6075	0.6130
wrn50_pc	1x3x512x512	1	1x1536x64x64	3145728	25165824	24862528	3	674.0	1.4810	0.1224	0.9634	1.0858	42.30	1.4810	2.5667	1.4716	1.4827
wrn50_pc	8x3x256x256	8	8x1536x32x32	6291456	50331648	24862528	3	368.8	2.7069	0.2398	1.9198	2.1596	44.38	0.3384	0.6083	2.6884	2.7104
effad_s	1x3x256x256	1	1x1x256x256	786432	262144	8057856	3	992.5	1.0053	0.0358	0.0135	0.0493	4.67	1.0053	1.0546	1.0000	1.0058
effad_s	1x3x512x512	1	1x1x512x512	3145728	1048576	8057856	3	260.9	3.8257	0.1242	0.0450	0.1691	4.23	3.8257	3.9948	3.8045	3.8288
effad_s	8x3x256x256	8	8x1x256x256	6291456	2097152	8057856	3	146.0	6.8342	0.2413	0.0871	0.3284	4.59	0.8543	0.8953	6.7824	6.8377
dinov2_s	1x3x252x252	1	1x324x384	762048	497664	21655296	3	1572.4	0.6340	0.0323	0.0226	0.0549	7.98	0.6340	0.6889	0.6317	0.6347
dinov2_s	1x3x504x504	1	1x1296x384	3048192	1990656	22028544	3	574.3	1.7383	0.1185	0.0819	0.2004	10.34	1.7383	1.9387	1.7289	1.7407
dinov2_s	8x3x252x252	8	8x324x384	6096384	3981312	21655296	3	439.9	2.2697	0.2329	0.1588	0.3917	14.72	0.2837	0.3327	2.2596	2.2714
dinov2_b	1x3x252x252	1	1x324x768	762048	995328	85777920	3	785.2	1.2711	0.0327	0.0417	0.0744	5.53	1.2711	1.3455	1.2651	1.2734
dinov2_b	1x3x504x504	1	1x1296x768	3048192	3981312	86524416	3	245.9	4.0600	0.1185	0.1584	0.2769	6.39	4.0600	4.3370	4.0415	4.0645
dinov2_b	8x3x252x252	8	8x324x768	6096384	7962624	85777920	3	159.2	6.2681	0.2333	0.3123	0.5456	8.01	0.7835	0.8517	6.2449	6.2684
r18_l123	1x3x256x256	1	1x64x64x64;1x128x32x32;1x256x16x16	786432	1835008	2782784	3	5513.6	0.1795	0.0335	0.0770	0.1105	38.11	0.1795	0.2899	0.1787	0.1797
r18_l123	1x3x512x512	1	1x64x128x128;1x128x64x64;1x256x32x32	3145728	7340032	2782784	3	2523.8	0.3274	0.1266	0.3015	0.4281	56.66	0.3274	0.7555	0.3259	0.3277
r18_l123	8x3x256x256	8	8x64x64x64;8x128x32x32;8x256x16x16	6291456	14680064	2782784	3	1386.3	0.5526	0.2577	0.5900	0.8477	60.54	0.0691	0.1750	0.5517	0.5529
unet_r34	1x3x256x256	1	1x3x256x256	786432	786432	24436659	3	1499.9	0.6647	0.0338	0.0334	0.0672	9.18	0.6647	0.7319	0.6646	0.6648
unet_r34	1x3x512x512	1	1x3x512x512	3145728	3145728	24436659	3	808.9	1.2338	0.1224	0.1264	0.2488	16.78	1.2338	1.4826	1.2328	1.2349
unet_r34	8x3x256x256	8	8x3x256x256	6291456	6291456	24436659	3	484.5	2.0606	0.2401	0.2462	0.4862	19.09	0.2576	0.3183	2.0596	2.0613
