tag	model	size	batch	rep	qps	gpu_ms	h2d_ms	d2h_ms	latency_ms	output
wrn50_pc_256_b1	wrn50_pc	256	1	1	1640.4	0.6075	0.0335	0.2440	0.8850	1x1536x32x32
wrn50_pc_512_b1	wrn50_pc	512	1	1	678.3	1.4716	0.1224	0.9634	2.5574	1x1536x64x64
wrn50_pc_256_b8	wrn50_pc	256	8	1	371.4	2.6884	0.2398	1.9198	4.8479	8x1536x32x32
effad_s_256_b1	effad_s	256	1	1	997.8	1.0000	0.0356	0.0136	1.0491	1x1x256x256
effad_s_512_b1	effad_s	512	1	1	262.4	3.8045	0.1242	0.0450	3.9736	1x1x512x512
effad_s_256_b8	effad_s	256	8	1	147.1	6.7824	0.2403	0.0870	7.1098	8x1x256x256
dinov2_s_252_b1	dinov2_s	252	1	1	1578.2	0.6317	0.0326	0.0225	0.6867	1x324x384
dinov2_s_504_b1	dinov2_s	504	1	1	577.5	1.7289	0.1184	0.0818	1.9291	1x1296x384
dinov2_s_252_b8	dinov2_s	252	8	1	441.9	2.2596	0.2330	0.1588	2.6514	8x324x384
dinov2_b_252_b1	dinov2_b	252	1	1	789.0	1.2651	0.0327	0.0417	1.3395	1x324x768
dinov2_b_504_b1	dinov2_b	504	1	1	247.0	4.0415	0.1185	0.1584	4.3183	1x1296x768
dinov2_b_252_b8	dinov2_b	252	8	1	159.7	6.2449	0.2329	0.3121	6.7899	8x324x768
r18_l123_256_b1	r18_l123	256	1	1	5537.0	0.1787	0.0335	0.0770	0.2892	1x64x64x64;1x128x32x32;1x256x16x16
r18_l123_512_b1	r18_l123	512	1	1	2525.9	0.3259	0.1267	0.3017	0.7542	1x64x128x128;1x128x64x64;1x256x32x32
r18_l123_256_b8	r18_l123	256	8	1	1387.4	0.5517	0.2578	0.5902	1.3997	8x64x64x64;8x128x32x32;8x256x16x16
unet_r34_256_b1	unet_r34	256	1	1	1499.9	0.6647	0.0338	0.0334	0.7320	1x3x256x256
unet_r34_512_b1	unet_r34	512	1	1	809.5	1.2328	0.1224	0.1263	1.4816	1x3x512x512
unet_r34_256_b8	unet_r34	256	8	1	484.7	2.0596	0.2401	0.2462	2.5459	8x3x256x256
dinov2_s_252_b1	dinov2_s	252	1	2	1570.7	0.6347	0.0323	0.0226	0.6896	1x324x384
dinov2_s_504_b1	dinov2_s	504	1	2	574.3	1.7383	0.1185	0.0820	1.9388	1x1296x384
dinov2_s_252_b8	dinov2_s	252	8	2	439.9	2.2697	0.2329	0.1588	2.6614	8x324x384
dinov2_b_252_b1	dinov2_b	252	1	2	785.2	1.2711	0.0325	0.0414	1.3451	1x324x768
dinov2_b_504_b1	dinov2_b	504	1	2	245.9	4.0600	0.1185	0.1584	4.3369	1x1296x768
dinov2_b_252_b8	dinov2_b	252	8	2	159.1	6.2684	0.2333	0.3123	6.8140	8x324x768
r18_l123_256_b1	r18_l123	256	1	2	5505.7	0.1797	0.0335	0.0771	0.2903	1x64x64x64;1x128x32x32;1x256x16x16
r18_l123_512_b1	r18_l123	512	1	2	2521.5	0.3274	0.1266	0.3015	0.7555	1x64x128x128;1x128x64x64;1x256x32x32
r18_l123_256_b8	r18_l123	256	8	2	1385.6	0.5529	0.2577	0.5899	1.4004	8x64x64x64;8x128x32x32;8x256x16x16
unet_r34_256_b1	unet_r34	256	1	2	1500.2	0.6646	0.0338	0.0334	0.7318	1x3x256x256
unet_r34_512_b1	unet_r34	512	1	2	808.2	1.2349	0.1224	0.1264	1.4836	1x3x512x512
unet_r34_256_b8	unet_r34	256	8	2	484.5	2.0606	0.2400	0.2462	2.5468	8x3x256x256
wrn50_pc_256_b1	wrn50_pc	256	1	2	1629.1	0.6118	0.0335	0.2440	0.8892	1x1536x32x32
wrn50_pc_512_b1	wrn50_pc	512	1	2	674.0	1.4810	0.1224	0.9634	2.5667	1x1536x64x64
wrn50_pc_256_b8	wrn50_pc	256	8	2	368.8	2.7069	0.2399	1.9198	4.8665	8x1536x32x32
effad_s_256_b1	effad_s	256	1	2	992.5	1.0053	0.0358	0.0135	1.0546	1x1x256x256
effad_s_512_b1	effad_s	512	1	2	260.9	3.8257	0.1241	0.0446	3.9943	1x1x512x512
effad_s_256_b8	effad_s	256	8	2	145.9	6.8377	0.2418	0.0875	7.1670	8x1x256x256
r18_l123_256_b1	r18_l123	256	1	3	5513.6	0.1795	0.0335	0.0767	0.2896	1x64x64x64;1x128x32x32;1x256x16x16
r18_l123_512_b1	r18_l123	512	1	3	2523.8	0.3277	0.1264	0.3014	0.7555	1x64x128x128;1x128x64x64;1x256x32x32
r18_l123_256_b8	r18_l123	256	8	3	1386.3	0.5526	0.2577	0.5900	1.4003	8x64x64x64;8x128x32x32;8x256x16x16
unet_r34_256_b1	unet_r34	256	1	3	1499.8	0.6648	0.0338	0.0334	0.7319	1x3x256x256
unet_r34_512_b1	unet_r34	512	1	3	808.9	1.2338	0.1224	0.1264	1.4826	1x3x512x512
unet_r34_256_b8	unet_r34	256	8	3	484.3	2.0613	0.2401	0.2462	2.5476	8x3x256x256
wrn50_pc_256_b1	wrn50_pc	256	1	3	1625.8	0.6130	0.0335	0.2440	0.8905	1x1536x32x32
wrn50_pc_512_b1	wrn50_pc	512	1	3	673.2	1.4827	0.1223	0.9634	2.5684	1x1536x64x64
wrn50_pc_256_b8	wrn50_pc	256	8	3	368.3	2.7104	0.2398	1.9198	4.8700	8x1536x32x32
effad_s_256_b1	effad_s	256	1	3	992.0	1.0058	0.0358	0.0135	1.0551	1x1x256x256
effad_s_512_b1	effad_s	512	1	3	260.7	3.8288	0.1244	0.0450	3.9983	1x1x512x512
effad_s_256_b8	effad_s	256	8	3	146.0	6.8342	0.2413	0.0871	7.1626	8x1x256x256
dinov2_s_252_b1	dinov2_s	252	1	3	1572.4	0.6340	0.0323	0.0226	0.6889	1x324x384
dinov2_s_504_b1	dinov2_s	504	1	3	573.5	1.7407	0.1185	0.0819	1.9411	1x1296x384
dinov2_s_252_b8	dinov2_s	252	8	3	439.6	2.2714	0.2329	0.1589	2.6632	8x324x384
dinov2_b_252_b1	dinov2_b	252	1	3	783.8	1.2734	0.0327	0.0417	1.3478	1x324x768
dinov2_b_504_b1	dinov2_b	504	1	3	245.6	4.0645	0.1185	0.1584	4.3414	1x1296x768
dinov2_b_252_b8	dinov2_b	252	8	3	159.2	6.2681	0.2341	0.3125	6.8147	8x324x768
