streams	p	priority	s3_input	reps	offered_fps	fps	fast_ms_p50	fast_ms_p95	fast_ms_p99	late_frames	flagged	s3_sent	s3_done	s3_skipped	explain_ms_p50	explain_ms_p99	delivered_pct	overloaded	skip_pct	fast_p99_min	fast_p99_max
4	0.0	off	crop	3	120.0	120.000	5.438	7.624	7.769	0.000	0.000	0.000	0.000	0.000	0.000	0.000	100.0	no	0.0	7.697	7.861
4	0.0	off	frame	3	120.0	120.000	5.407	7.544	7.699	0.000	0.000	0.000	0.000	0.000	0.000	0.000	100.0	no	0.0	7.677	7.783
4	0.0	on	crop	3	120.0	120.000	5.386	7.594	7.733	0.000	0.000	0.000	0.000	0.000	0.000	0.000	100.0	no	0.0	7.710	7.770
4	0.0	on	frame	3	120.0	120.000	5.357	7.593	7.733	0.000	0.000	0.000	0.000	0.000	0.000	0.000	100.0	no	0.0	7.732	7.733
4	0.01	off	crop	3	120.0	120.000	5.415	7.673	9.630	0.000	57.000	57.000	57.000	0.000	16.457	19.574	100.0	no	0.0	9.448	9.788
4	0.01	off	frame	3	120.0	120.000	5.600	23.311	33.137	14.000	57.000	57.000	57.000	0.000	42.071	91.891	100.0	no	0.0	32.929	34.650
4	0.01	on	crop	3	120.0	120.000	5.407	7.662	9.894	0.000	57.000	57.000	57.000	0.000	16.555	20.114	100.0	no	0.0	9.775	10.086
4	0.01	on	frame	3	120.0	120.000	5.565	12.206	26.629	9.000	57.000	57.000	57.000	0.000	48.035	92.786	100.0	no	0.0	19.125	27.069
4	0.05	off	crop	3	120.0	120.000	5.639	11.532	15.632	0.000	326.000	326.000	326.000	0.000	17.861	47.147	100.0	no	0.0	15.574	15.764
4	0.05	off	frame	3	120.0	108.800	673.665	1265.654	1570.432	1674.000	326.000	326.000	326.000	0.000	749.058	1638.290	90.7	yes	0.0	1539.841	1618.369
4	0.05	on	crop	3	120.0	120.000	5.637	10.653	13.075	0.000	326.000	326.000	326.000	0.000	17.909	47.837	100.0	no	0.0	12.875	13.146
4	0.05	on	frame	3	120.0	108.590	635.088	1322.442	1626.732	1676.000	326.000	325.000	325.000	1.000	786.448	1768.161	90.5	yes	0.3	1530.337	1658.224
4	0.2	off	crop	3	120.0	118.970	12.550	18.062	26.282	1.000	1327.000	881.000	881.000	446.000	203.198	253.618	99.1	no	33.6	26.123	26.440
4	0.2	off	frame	3	120.0	68.260	4511.177	8064.271	8378.749	1275.000	983.000	470.000	470.000	514.000	5062.173	8853.140	56.9	yes	52.3	8354.786	8454.312
4	0.2	on	crop	3	120.0	118.910	11.084	14.430	24.015	0.000	1327.000	871.000	871.000	456.000	205.322	259.813	99.1	no	34.4	17.555	24.036
4	0.2	on	frame	3	120.0	80.580	3189.998	5980.706	6247.152	1531.000	1190.000	448.000	448.000	741.000	3852.018	6801.781	67.2	yes	62.3	6055.647	6553.794
8	0.0	off	crop	3	240.0	239.930	12.756	15.635	16.130	0.000	0.000	0.000	0.000	0.000	0.000	0.000	100.0	no	0.0	15.906	16.204
8	0.0	off	frame	3	240.0	239.910	12.758	15.527	15.951	0.000	0.000	0.000	0.000	0.000	0.000	0.000	100.0	no	0.0	15.905	16.099
8	0.0	on	crop	3	240.0	239.930	12.702	15.599	16.048	0.000	0.000	0.000	0.000	0.000	0.000	0.000	100.0	no	0.0	15.829	16.109
8	0.0	on	frame	3	240.0	239.930	12.653	15.500	15.902	0.000	0.000	0.000	0.000	0.000	0.000	0.000	100.0	no	0.0	15.896	16.016
8	0.01	off	crop	3	240.0	239.850	14.411	23.957	34.148	32.000	117.000	117.000	117.000	0.000	34.690	66.517	99.9	no	0.0	33.379	34.401
8	0.01	off	frame	3	240.0	223.160	771.052	1056.745	1140.601	3360.000	117.000	117.000	117.000	0.000	785.826	1208.729	93.0	yes	0.0	1116.820	1148.113
8	0.01	on	crop	3	240.0	239.870	14.121	23.407	33.751	30.000	117.000	117.000	117.000	0.000	35.677	70.032	99.9	no	0.0	33.693	33.999
8	0.01	on	frame	3	240.0	222.800	786.424	1069.596	1155.785	3360.000	117.000	117.000	117.000	0.000	806.511	1201.017	92.8	yes	0.0	1149.362	1164.133
8	0.05	off	crop	3	240.0	191.890	2132.559	3480.752	3725.348	3360.000	640.000	640.000	640.000	0.000	2118.993	3797.204	80.0	yes	0.0	3714.694	3763.123
8	0.05	off	frame	3	240.0	109.670	6396.599	10620.663	10879.436	1958.000	373.000	373.000	373.000	0.000	6136.233	10841.345	45.7	yes	0.0	10840.173	10898.861
8	0.05	on	crop	3	240.0	192.040	2124.742	3443.166	3676.012	3360.000	640.000	640.000	640.000	0.000	2133.267	3817.357	80.0	yes	0.0	3637.248	3763.087
8	0.05	on	frame	3	240.0	109.090	6351.876	10663.273	10884.544	1954.000	375.000	375.000	375.000	0.000	6212.353	10953.108	45.5	yes	0.0	10855.296	10944.505
8	0.2	off	crop	3	240.0	160.020	3526.318	6163.280	6451.042	3016.000	2386.000	872.000	872.000	1514.000	4106.460	6905.570	66.7	yes	63.5	6330.709	6682.512
8	0.2	off	frame	3	240.0	81.390	7364.984	12436.849	12884.650	1464.000	1168.000	413.000	413.000	755.000	8544.649	13816.920	33.9	yes	64.6	12812.262	12904.262
8	0.2	on	crop	3	240.0	170.500	3000.032	5361.445	5587.888	3226.000	2565.000	812.000	812.000	1755.000	3686.418	6137.345	71.0	yes	68.4	5574.589	5685.986
8	0.2	on	frame	3	240.0	84.260	7109.155	12129.526	12607.879	1527.000	1217.000	407.000	407.000	808.000	8409.182	13543.307	35.1	yes	66.4	12557.243	12626.111
