method	bank	param	frac	crops_s	duty_pct	util_pct	cpu_cores
cagra	10000	128	0.10	8.9	10.2	7.9	0.1
cagra	10000	128	0.25	21.8	25.2	25.3	0.3
cagra	10000	128	0.50	43.4	50.1	47.0	0.5
faiss_flat16	10000		0.10	59.8	10.0	10.9	0.1
faiss_flat16	10000		0.25	149.2	25.0	23	0.2
faiss_flat16	10000		0.50	298.2	50.0	43.5	0.5
faiss_ivf	10000	32	0.10	14.4	10.1	11.2	0.1
faiss_ivf	10000	32	0.25	35.7	24.9	25.9	0.3
faiss_ivf	10000	32	0.50	71.1	49.7	46.6	0.5
faiss_ivfpq	10000	32	0.10	20.2	10.1	9.3	0.1
faiss_ivfpq	10000	32	0.25	50.0	25.0	24.0	0.2
faiss_ivfpq	10000	32	0.50	99.8	49.9	46.0	0.5
trt_bf	10000		0.10	305.9	9.1	9.5	0.1
trt_bf	10000		0.25	764.5	22.7	24.3	0.2
trt_bf	10000		0.50	1528.7	45.5	44.3	0.5
cagra	100000	128	0.10	6.1	10.4	1.2	0.1
cagra	100000	128	0.25	15.0	25.3	25.3	0.3
cagra	100000	128	0.50	29.8	50.3	49.1	0.5
faiss_flat16	100000		0.10	6.5	10.2	10.2	0.1
faiss_flat16	100000		0.25	15.8	25.0	22.6	0.2
faiss_flat16	100000		0.50	31.3	49.6	43.9	0.4
faiss_ivf	100000	32	0.10	3.9	10.6	11.9	0.1
faiss_ivf	100000	32	0.25	9.4	25.5	24.5	0.3
faiss_ivf	100000	32	0.50	18.5	50.4	49.3	0.5
faiss_ivfpq	100000	32	0.10	19.0	10.0	11.0	0.1
faiss_ivfpq	100000	32	0.25	47.2	24.9	24.0	0.2
faiss_ivfpq	100000	32	0.50	94.1	49.7	45.3	0.5
trt_bf	100000		0.10	34.0	10.0	9.4	0.1
trt_bf	100000		0.25	84.7	24.8	23.6	0.2
trt_bf	100000		0.50	169.2	49.6	44.9	0.4
cagra	1000000	128	0.10	6.6	10.4	8.8	0.1
cagra	1000000	128	0.25	16.1	25.4	20.3	0.3
cagra	1000000	128	0.50	32.0	50.5	47.8	0.5
faiss_flat16	1000000		0.10	0.8	13.0	0	0.1
faiss_flat16	1000000		0.25	1.7	28.1	29.7	0.3
faiss_flat16	1000000		0.50	3.2	52.3	80.6	0.5
faiss_ivf	1000000	32	0.10	1.3	11.7	2.3	0.1
faiss_ivf	1000000	32	0.25	2.9	26.6	25.6	0.3
faiss_ivf	1000000	32	0.50	5.5	51.0	48.1	0.5
faiss_ivfpq	1000000	32	0.10	15.5	10.1	9.3	0.1
faiss_ivfpq	1000000	32	0.25	38.5	25.1	23.8	0.2
faiss_ivfpq	1000000	32	0.50	76.7	50.1	45.8	0.5
trt_bf	1000000		0.10	3.7	10.7	8.5	0.1
trt_bf	1000000		0.25	8.9	25.8	23.3	0.2
trt_bf	1000000		0.50	17.5	50.9	45.7	0.5
