method	bank	queries	nq	param	ms	recall1	score_err_pct	build_ms	note
torch_fp16	10000	256x1	1024		1.3728	1.0000	0.0000		
torch_fp16	10000	512x1	4096		4.0726	1.0000	0.0000		
torch_fp16	10000	256x8	8192		7.4628	1.0000	0.0000		
faiss_flat	10000	256x1	1024		1.7115	0.9889	0.0205	0.5302	
faiss_flat	10000	512x1	4096		6.7240	0.9889	0.0205	0.5302	
faiss_flat	10000	256x8	8192		13.5234	0.9889	0.0205	0.5302	
faiss_flat16	10000	256x1	1024		1.6504	0.9890	0.0214	1.0883	
faiss_flat16	10000	512x1	4096		6.3839	0.9890	0.0214	1.0883	
faiss_flat16	10000	256x8	8192		12.7896	0.9890	0.0214	1.0883	
faiss_ivf	10000	256x1	1024	nlist=400 nprobe=1	0.2901	0.3329	4.6329	72.8273	
faiss_ivf	10000	512x1	4096	nlist=400 nprobe=1	0.9291	0.3329	4.6329	72.8273	
faiss_ivf	10000	256x8	8192	nlist=400 nprobe=1	2.1011	0.3329	4.6329	72.8273	
faiss_ivf	10000	256x1	1024	nlist=400 nprobe=8	1.3087	0.7669	0.7426	72.8273	
faiss_ivf	10000	512x1	4096	nlist=400 nprobe=8	5.3249	0.7669	0.7426	72.8273	
faiss_ivf	10000	256x8	8192	nlist=400 nprobe=8	11.4773	0.7669	0.7426	72.8273	
faiss_ivf	10000	256x1	1024	nlist=400 nprobe=32	5.0596	0.9392	0.2445	72.8273	
faiss_ivf	10000	512x1	4096	nlist=400 nprobe=32	21.2983	0.9392	0.2445	72.8273	
faiss_ivf	10000	256x8	8192	nlist=400 nprobe=32	45.0123	0.9392	0.2445	72.8273	
faiss_ivfpq	10000	256x1	1024	nlist=400 nprobe=8	1.4153	0.3701	4.2496	516.1470	
faiss_ivfpq	10000	512x1	4096	nlist=400 nprobe=8	5.5866	0.3701	4.2496	516.1470	
faiss_ivfpq	10000	256x8	8192	nlist=400 nprobe=8	11.1874	0.3701	4.2496	516.1470	
faiss_ivfpq	10000	256x1	1024	nlist=400 nprobe=32	4.9345	0.3865	4.3024	516.1470	
faiss_ivfpq	10000	512x1	4096	nlist=400 nprobe=32	19.6456	0.3865	4.3024	516.1470	
faiss_ivfpq	10000	256x8	8192	nlist=400 nprobe=32	39.2101	0.3865	4.3024	516.1470	
cagra	10000	256x1	1024	degree=32 itopk=32	4.4991	0.9633	0.0325	1844.6314	
cagra	10000	512x1	4096	degree=32 itopk=32	11.2266	0.9633	0.0325	1844.6314	
cagra	10000	256x8	8192	degree=32 itopk=32	30.8419	0.9633	0.0325	1844.6314	
cagra	10000	256x1	1024	degree=32 itopk=64	7.1906	0.9843	0.0205	1844.6314	
cagra	10000	512x1	4096	degree=32 itopk=64	21.6430	0.9843	0.0205	1844.6314	
cagra	10000	256x8	8192	degree=32 itopk=64	62.6756	0.9843	0.0205	1844.6314	
cagra	10000	256x1	1024	degree=32 itopk=128	11.1211	0.9885	0.0205	1844.6314	
cagra	10000	512x1	4096	degree=32 itopk=128	41.1245	0.9885	0.0205	1844.6314	
cagra	10000	256x8	8192	degree=32 itopk=128	122.2644	0.9885	0.0205	1844.6314	
torch_fp16	100000	256x1	1024		12.1799	1.0000	0.0000		
torch_fp16	100000	512x1	4096		36.6552	1.0000	0.0000		
torch_fp16	100000	256x8	8192		70.1437	1.0000	0.0000		
faiss_flat	100000	256x1	1024		16.0331	0.9762	0.0221	14.0618	
faiss_flat	100000	512x1	4096		64.3227	0.9762	0.0221	14.0618	
faiss_flat	100000	256x8	8192		128.6532	0.9762	0.0221	14.0618	
faiss_flat16	100000	256x1	1024		16.2691	0.9765	0.0215	10.0193	
faiss_flat16	100000	512x1	4096		64.7774	0.9765	0.0215	10.0193	
faiss_flat16	100000	256x8	8192		129.4091	0.9765	0.0215	10.0193	
faiss_ivf	100000	256x1	1024	nlist=1264 nprobe=1	0.6739	0.3400	4.1549	728.8165	
faiss_ivf	100000	512x1	4096	nlist=1264 nprobe=1	2.3420	0.3400	4.1549	728.8165	
faiss_ivf	100000	256x8	8192	nlist=1264 nprobe=1	5.2672	0.3400	4.1549	728.8165	
faiss_ivf	100000	256x1	1024	nlist=1264 nprobe=8	3.4277	0.7421	1.2375	728.8165	
faiss_ivf	100000	512x1	4096	nlist=1264 nprobe=8	14.1308	0.7421	1.2375	728.8165	
faiss_ivf	100000	256x8	8192	nlist=1264 nprobe=8	32.1684	0.7421	1.2375	728.8165	
faiss_ivf	100000	256x1	1024	nlist=1264 nprobe=32	22.0199	0.9189	0.3327	728.8165	
faiss_ivf	100000	512x1	4096	nlist=1264 nprobe=32	100.6339	0.9189	0.3327	728.8165	
faiss_ivf	100000	256x8	8192	nlist=1264 nprobe=32	216.0189	0.9189	0.3327	728.8165	
faiss_ivfpq	100000	256x1	1024	nlist=1264 nprobe=8	1.6113	0.2184	3.6697	3234.4415	
faiss_ivfpq	100000	512x1	4096	nlist=1264 nprobe=8	6.2298	0.2184	3.6697	3234.4415	
faiss_ivfpq	100000	256x8	8192	nlist=1264 nprobe=8	12.6826	0.2184	3.6697	3234.4415	
faiss_ivfpq	100000	256x1	1024	nlist=1264 nprobe=32	5.2805	0.2273	3.6477	3234.4415	
faiss_ivfpq	100000	512x1	4096	nlist=1264 nprobe=32	21.0037	0.2273	3.6477	3234.4415	
faiss_ivfpq	100000	256x8	8192	nlist=1264 nprobe=32	42.0684	0.2273	3.6477	3234.4415	
cagra	100000	256x1	1024	degree=32 itopk=32	4.4955	0.7261	2.2900	1401.4624	
cagra	100000	512x1	4096	degree=32 itopk=32	10.5519	0.7261	2.2900	1401.4624	
cagra	100000	256x8	8192	degree=32 itopk=32	37.1681	0.7261	2.2900	1401.4624	
cagra	100000	256x1	1024	degree=32 itopk=64	7.8081	0.8491	0.8769	1401.4624	
cagra	100000	512x1	4096	degree=32 itopk=64	20.0148	0.8491	0.8769	1401.4624	
cagra	100000	256x8	8192	degree=32 itopk=64	72.2256	0.8491	0.8769	1401.4624	
cagra	100000	256x1	1024	degree=32 itopk=128	11.7759	0.9278	0.2085	1401.4624	
cagra	100000	512x1	4096	degree=32 itopk=128	36.5318	0.9278	0.2085	1401.4624	
cagra	100000	256x8	8192	degree=32 itopk=128	131.7147	0.9278	0.2085	1401.4624	
