method	bank	kernels	kernel_ms	sm_busy_pct	mem_busy_pct	occupancy_pct	note
trt_bf	10000	5	0.382	77.1	58.9	28.2	
trt_bf512	10000	5	1.423	83.2	79.5	19.0	
faiss_flat16	10000	34	9.913	65.8	49.5	30.3	
faiss_ivf	10000	36	41.472	52.3	85.6	64.4	
faiss_ivfpq	10000	130	28.498	63.5	63.5	64.4	
cagra	10000	4	58.584	34.8	72.8	61.8	
trt_bf	100000	5	3.340	84.6	62.8	24.0	
trt_bf512	100000	5	12.718	89.3	65.9	23.3	
faiss_flat16	100000	34	90.812	72.6	62.0	32.5	
faiss_ivf	100000	36	141.467	34.0	96.5	66.0	
faiss_ivfpq	100000	137	30.343	63.8	63.9	63.1	
cagra	100000	4	74.192	29.2	82.9	61.8	
trt_bf	1000000	5	32.891	86.1	63.8	26.3	
trt_bf512	1000000						ncu failed: {N}_{nq}.plan", "rb").read())                                      ^^^^^^^^^^^^^^^^^^^^^^^^^^^^^^^^^^^^ FileNotFoundError: [Errno 2] No such file or directory: '/mi/data/search/trt_1000000_4096.plan' 
faiss_flat16	1000000	84	895.058	73.4	62.8	32.7	
faiss_ivf	1000000	36	470.775	28.1	97.2	66.1	
faiss_ivfpq	1000000	137	36.324	64.0	66.3	59.6	
cagra	1000000	4	61.816	28.6	86.6	61.4	
