streams	k	batching	reps	offered_fps	fps	fast_ms_p50	fast_ms_p95	fast_ms_p99	late_frames	flagged	s3_sent	s3_done	s3_skipped	explain_ms_p50	explain_ms_p99	delivered_pct	overloaded	skip_pct	fast_p99_min	fast_p99_max
1	1	db0	3	30.0	30.000	4.427	4.843	4.932	0.000	0.000	0.000	0.000	0.000	0.000	0.000	100.0	no	0.0	4.887	5.009
1	1	off	3	30.0	30.000	4.419	4.822	4.932	0.000	0.000	0.000	0.000	0.000	0.000	0.000	100.0	no	0.0	4.925	4.946
1	4	db0	3	30.0	30.000	5.574	6.036	6.128	0.000	0.000	0.000	0.000	0.000	0.000	0.000	100.0	no	0.0	6.071	6.170
1	4	off	3	30.0	30.000	5.558	5.994	6.102	0.000	0.000	0.000	0.000	0.000	0.000	0.000	100.0	no	0.0	6.060	6.128
1	16	db0	3	30.0	30.000	12.146	12.967	13.044	0.000	0.000	0.000	0.000	0.000	0.000	0.000	100.0	no	0.0	13.023	13.090
1	16	off	3	30.0	30.000	12.429	12.948	13.056	0.000	0.000	0.000	0.000	0.000	0.000	0.000	100.0	no	0.0	13.041	13.060
4	1	db0	3	120.0	120.000	3.893	5.780	5.916	0.000	0.000	0.000	0.000	0.000	0.000	0.000	100.0	no	0.0	5.913	6.009
4	1	off	3	120.0	120.000	3.841	5.762	5.918	0.000	0.000	0.000	0.000	0.000	0.000	0.000	100.0	no	0.0	5.901	5.963
4	4	db0	3	120.0	120.000	5.420	7.633	7.785	0.000	0.000	0.000	0.000	0.000	0.000	0.000	100.0	no	0.0	7.692	7.786
4	4	off	3	120.0	120.000	5.439	7.606	7.745	0.000	0.000	0.000	0.000	0.000	0.000	0.000	100.0	no	0.0	7.681	7.781
4	16	db0	3	120.0	91.440	2511.640	4479.838	4649.886	1680.000	0.000	0.000	0.000	0.000	0.000	0.000	76.2	yes	0.0	4595.424	4668.230
4	16	off	3	120.0	92.060	2443.255	4352.828	4517.924	1680.000	0.000	0.000	0.000	0.000	0.000	0.000	76.7	yes	0.0	4451.596	4626.780
8	1	db0	3	240.0	240.000	5.040	7.085	7.812	0.000	0.000	0.000	0.000	0.000	0.000	0.000	100.0	no	0.0	7.715	7.825
8	1	off	3	240.0	240.000	5.059	7.102	7.821	0.000	0.000	0.000	0.000	0.000	0.000	0.000	100.0	no	0.0	7.719	7.836
8	4	db0	3	240.0	239.940	12.718	15.596	16.053	0.000	0.000	0.000	0.000	0.000	0.000	0.000	100.0	no	0.0	15.729	16.076
8	4	off	3	240.0	239.940	12.306	15.374	15.812	0.000	0.000	0.000	0.000	0.000	0.000	0.000	100.0	no	0.0	15.666	16.040
8	16	db0	3	240.0	91.930	6997.521	11859.186	12289.235	1606.000	0.000	0.000	0.000	0.000	0.000	0.000	38.3	yes	0.0	12258.556	12303.010
8	16	off	3	240.0	92.060	7004.141	11844.478	12275.444	1608.000	0.000	0.000	0.000	0.000	0.000	0.000	38.4	yes	0.0	12264.807	12335.850
16	1	db0	3	480.0	479.850	7.542	11.564	11.996	0.000	0.000	0.000	0.000	0.000	0.000	0.000	100.0	no	0.0	11.910	12.010
16	1	off	3	480.0	479.860	7.526	11.627	12.014	0.000	0.000	0.000	0.000	0.000	0.000	0.000	100.0	no	0.0	11.767	12.014
16	4	db0	3	480.0	294.360	4227.510	7405.356	7691.079	5423.000	0.000	0.000	0.000	0.000	0.000	0.000	61.3	yes	0.0	7686.826	7725.086
16	4	off	3	480.0	296.860	4125.730	7300.989	7588.187	5472.000	0.000	0.000	0.000	0.000	0.000	0.000	61.8	yes	0.0	7532.762	7589.987
16	16	db0	3	480.0	92.590	10244.983	15676.022	16166.690	1386.000	0.000	0.000	0.000	0.000	0.000	0.000	19.3	yes	0.0	16160.358	16214.306
16	16	off	3	480.0	92.140	10261.940	15711.724	16188.206	1378.000	0.000	0.000	0.000	0.000	0.000	0.000	19.2	yes	0.0	16150.497	16191.905
