model	input	batch	weights	output	in_bytes	out_bytes	params	reps	qps	gpu_ms	h2d_ms	d2h_ms	non_engine_ms	transport_pct	gpu_ms_per_frame	total_ms_per_frame	gpu_ms_min	gpu_ms_max
effad_s_full	1x3x256x256	1	random	1x1x256x256	786432	262144	8057856	3	992.7	1.0050	0.0358	0.0135	0.0493	4.67	1.0050	1.0543	0.9970	1.0061
effad_s_full16	1x3x256x256	1	random	1x1x256x256	786432	131072	8057856	3	996.1	1.0016	0.0350	0.0088	0.0438	4.19	1.0016	1.0455	0.9951	1.0028
effad_s_reduce	1x3x256x256	1	random	1x1;1x1x32x32	786432	4100	8057856	3	993.4	1.0044	0.0342	0.0052	0.0394	3.78	1.0044	1.0438	0.9996	1.0063
effad_s_full	8x3x256x256	8	random	8x1x256x256	6291456	2097152	8057856	3	146.2	6.8243	0.2426	0.0875	0.3301	4.61	0.8530	0.8943	6.7692	6.8295
effad_s_full16	8x3x256x256	8	random	8x1x256x256	6291456	1048576	8057856	3	148.4	6.7211	0.2414	0.0473	0.2887	4.12	0.8401	0.8762	6.6710	6.7275
effad_s_reduce	8x3x256x256	8	random	8x1;8x1x32x32	6291456	32800	8057856	3	147.1	6.7808	0.2426	0.0080	0.2506	3.56	0.8476	0.8789	6.7413	6.7865
effad_s_full	1x3x512x512	1	random	1x1x512x512	3145728	1048576	8057856	3	258.9	3.8549	0.1236	0.0446	0.1682	4.18	3.8549	4.0232	3.8472	3.8590
effad_s_full16	1x3x512x512	1	random	1x1x512x512	3145728	524288	8057856	3	262.5	3.8034	0.1231	0.0247	0.1477	3.74	3.8034	3.9511	3.7985	3.8090
effad_s_reduce	1x3x512x512	1	random	1x1;1x1x64x64	3145728	16388	8057856	3	262.0	3.8097	0.1232	0.0064	0.1296	3.29	3.8097	3.9393	3.8004	3.8107
effad_s_full	8x3x512x512	8	random	8x1x512x512	25165824	8388608	8057856	3	36.6	27.0739	0.9569	0.3313	1.2882	4.54	3.3842	3.5453	27.0171	27.1056
effad_s_full16	8x3x512x512	8	random	8x1x512x512	25165824	4194304	8057856	3	35.7	27.7235	0.9574	0.1716	1.1290	3.91	3.4654	3.6066	27.6745	27.7447
effad_s_reduce	8x3x512x512	8	random	8x1;8x1x64x64	25165824	131104	8057856	3	36.7	26.9751	0.9576	0.0119	0.9695	3.47	3.3719	3.4931	26.9711	27.0108
unet_r34_full	1x3x256x256	1	random	1x3x256x256	786432	786432	24436659	3	1499.9	0.6647	0.0338	0.0334	0.0672	9.18	0.6647	0.7319	0.6643	0.6648
unet_r34_full16	1x3x256x256	1	random	1x3x256x256	786432	393216	24436659	3	1501.5	0.6640	0.0336	0.0185	0.0522	7.29	0.6640	0.7162	0.6633	0.6641
unet_r34_reduce	1x3x256x256	1	random	1x1;1x1x32x32	786432	4100	24436659	3	1418.5	0.7030	0.0336	0.0048	0.0384	5.18	0.7030	0.7414	0.7023	0.7038
unet_r34_full	8x3x256x256	8	random	8x3x256x256	6291456	6291456	24436659	3	484.6	2.0601	0.2401	0.2462	0.4863	19.10	0.2575	0.3183	2.0589	2.0603
unet_r34_full16	8x3x256x256	8	random	8x3x256x256	6291456	3145728	24436659	3	486.6	2.0516	0.2402	0.1266	0.3668	15.17	0.2565	0.3023	2.0494	2.0526
unet_r34_reduce	8x3x256x256	8	random	8x1;8x1x32x32	6291456	32800	24436659	3	457.4	2.1829	0.2411	0.0086	0.2497	10.26	0.2729	0.3041	2.1798	2.1840
