arm	streams	reps	offered_fps	fps	fast_ms_p50	fast_ms_p95	fast_ms_p99	late_frames	flagged	s3_sent	s3_done	s3_skipped	s3_shed	explain_ms_p50	explain_ms_p99	delivered_pct	overloaded	skip_pct	fast_p99_min	fast_p99_max
bls1	1	3	30.0	30.000	7.143	7.651	7.786	0.000	0.000	0.000	0.000	0.000	0.000	0.000	0.000	100.0	no	0.0	7.755	7.826
bls1	4	3	120.0	120.000	6.928	9.944	10.083	0.000	0.000	0.000	0.000	0.000	0.000	0.000	0.000	100.0	no	0.0	10.080	10.128
bls1	8	3	240.0	199.610	1631.616	2896.713	3010.737	3360.000	0.000	0.000	0.000	0.000	0.000	0.000	0.000	83.2	yes	0.0	2954.783	3013.079
bls2	1	3	30.0	30.000	7.055	7.654	7.827	0.000	0.000	0.000	0.000	0.000	0.000	0.000	0.000	100.0	no	0.0	7.729	7.829
bls2	4	3	120.0	120.000	7.087	9.161	9.283	0.000	0.000	0.000	0.000	0.000	0.000	0.000	0.000	100.0	no	0.0	9.260	9.323
bls2	8	3	240.0	216.970	866.035	1518.938	1582.313	3360.000	0.000	0.000	0.000	0.000	0.000	0.000	0.000	90.4	yes	0.0	1508.613	1622.165
bls4	1	3	30.0	30.000	7.100	7.649	7.829	0.000	0.000	0.000	0.000	0.000	0.000	0.000	0.000	100.0	no	0.0	7.754	7.975
bls4	4	3	120.0	120.000	7.155	9.182	9.358	0.000	0.000	0.000	0.000	0.000	0.000	0.000	0.000	100.0	no	0.0	9.257	9.366
bls4	8	3	240.0	231.170	329.050	549.728	583.389	3360.000	0.000	0.000	0.000	0.000	0.000	0.000	0.000	96.3	no	0.0	554.525	615.167
client	1	3	30.0	30.000	5.574	6.049	6.129	0.000	0.000	0.000	0.000	0.000	0.000	0.000	0.000	100.0	no	0.0	6.108	6.218
client	4	3	120.0	120.000	5.367	7.564	7.722	0.000	0.000	0.000	0.000	0.000	0.000	0.000	0.000	100.0	no	0.0	7.708	7.752
client	8	3	240.0	239.940	12.686	15.492	15.988	0.000	0.000	0.000	0.000	0.000	0.000	0.000	0.000	100.0	no	0.0	15.740	16.129
