layer	b1_ms	b8_ms_per_image	delta_ms
_gemm_mha_v2_myl49_182	0.0000	1.8211	+1.8211
_gemm_mha_v2_myl49_44	0.0000	1.7859	+1.7859
_gemm_mha_v2_myl49_136	0.0000	1.7850	+1.7850
_gemm_mha_v2_myl49_90	0.0000	1.7849	+1.7849
__myl_TraResTraResAdd_myl49_181	0.0000	0.5343	+0.5343
__myl_TraResTraResAdd_myl49_135	0.0000	0.5343	+0.5343
__myl_TraResTraResAdd_myl49_89	0.0000	0.5342	+0.5342
__myl_TraResTraResAdd_myl49_43	0.0000	0.5336	+0.5336
/e/layers_11/mlp/lin1/MatMul_myl49_185	0.0000	0.1529	+0.1529
/e/layers_6/mlp/lin1/MatMul_myl49_110	0.0000	0.1489	+0.1489
/e/layers_3/mlp/lin1/MatMul_myl49_64	0.0000	0.1487	+0.1487
/e/layers_5/mlp/lin1/MatMul_myl49_93	0.0000	0.1486	+0.1486
/e/layers_8/mlp/lin1/MatMul_myl49_139	0.0000	0.1485	+0.1485
/e/layers_9/mlp/lin1/MatMul_myl49_156	0.0000	0.1485	+0.1485
/e/layers_2/mlp/lin1/MatMul_myl49_47	0.0000	0.1485	+0.1485
