method	bank	ctx_mb	fixed_mb	resident_mb	build_peak_mb	search_peak_256_mb	search_peak_512_mb	process_peak_mb	build_ms	host_rss_mb	trt_activation_mb	runs
cagra	10000	308.1	308.1	624.1	842.1	662.1	662.1	842.1	1907	2112.2		3
cpu_flat	10000	0.0	0.0	0.0	0.0	0.0	0.0	0.0	14	874.8		3
cpu_ivf	10000	0.0	0.0	0.0	0.0	0.0	0.0	0.0	373	905.5		3
faiss_flat16	10000	308.1	308.1	1928.1	1904.1	1930.1	1930.1	2026.1	61	1825.8		3
faiss_ivf	10000	308.1	308.1	2048.1	2048.1	2144.1	2144.1	5216.1	138	1925.0		3
faiss_ivfpq	10000	308.1	308.1	1906.1	1882.1	2002.1	2002.1	2002.1	604	1931.7		3
trt_bf	10000	308.1	308.1	386.1	366.1	386.1		482.1	18	1661.2	22.5	3
trt_bf512	10000	308.1	308.1	458.1	434.1		482.1	578.1	18	1661.3	90.1	3
cagra	100000	308.1	308.1	1076.1	2422.1	1204.1	1204.1	2422.1	2641	6556.7		3
cpu_flat	100000	0.0	0.0	0.0	0.0	0.0	0.0	0.0	125	4889.9		3
cpu_ivf	100000	0.0	0.0	0.0	0.0	0.0	0.0	0.0	10304	5090.5		3
faiss_flat16	100000	308.1	308.1	2192.1	2168.1	2194.1	2194.1	2290.1	81	5314.6		3
faiss_ivf	100000	308.1	308.1	3008.1	3008.1	3104.1	3104.1	6176.1	718	5402.4		3
faiss_ivfpq	100000	308.1	308.1	1918.1	1918.1	2014.1	2014.1	2014.1	3222	5417.5		3
trt_bf	100000	308.1	308.1	850.1	830.1	850.1		946.1	88	5148.2	198.3	3
trt_bf512	100000	308.1	308.1	1448.1	1424.1		1472.1	1568.1	89	5148.4	793.3	3
cagra	1000000	308.1	308.1	6474.1	8410.1	6602.1	6602.1	8410.1	9439	15456.8		3
cpu_flat	1000000	0.0	0.0	0.0	0.0	0.0	0.0	0.0	1319	11895.8		3
cpu_ivf	1000000	0.0	0.0	0.0	0.0	0.0	0.0	0.0	300620	13691.1		3
faiss_flat16	1000000	308.1	308.1	4832.1	4832.1	5858.1	5858.1	5954.1	569	7048.0		3
faiss_ivf	1000000	308.1	308.1	11346.1	11346.1	11442.1	11442.1	14514.1	11271	7154.9		3
faiss_ivfpq	1000000	308.1	308.1	2026.1	1982.1	2122.1	2122.1	2122.1	14314	7166.4		3
trt_bf	1000000	308.1	308.1	5232.1	5212.1	5232.1		5328.1	754	1022.2	1956.1	3
trt_bf512	1000000											failed: FileNotFoundError: [Errno 2] No such file or directory: '/mi/data/search/trt_1000000_4096.plan'
