tag	model	size	batch	weights	rep	qps	gpu_ms	h2d_ms	d2h_ms	latency_ms	output
gdino_t_p1_live_384_b1	gdino_t_p1_live	384	1	random	1	101.2	9.8468	0.0704	0.0414	9.9586	1x900x256;1x900x4
gdino_t_p1_cached_384_b1	gdino_t_p1_cached	384	1	random	1	106.7	9.3426	0.0706	0.0414	9.4546	1x900x256;1x900x4
gdino_t_p10_live_384_b1	gdino_t_p10_live	384	1	random	1	101.3	9.8328	0.0711	0.0411	9.9450	1x900x256;1x900x4
gdino_t_p10_cached_384_b1	gdino_t_p10_cached	384	1	random	1	107.1	9.3053	0.0707	0.0412	9.4171	1x900x256;1x900x4
gdino_t_p80_live_384_b1	gdino_t_p80_live	384	1	random	1	85.8	11.6128	0.0717	0.0448	11.7293	1x900x256;1x900x4
gdino_t_p80_cached_384_b1	gdino_t_p80_cached	384	1	random	1	89.4	11.1484	0.0762	0.0459	11.2705	1x900x256;1x900x4
gdino_t_p1_live_800_b1	gdino_t_p1_live	800	1	random	1	33.1	29.9820	0.2964	0.0447	30.3231	1x900x256;1x900x4
gdino_t_p1_cached_800_b1	gdino_t_p1_cached	800	1	random	1	33.6	29.4748	0.2917	0.0455	29.8120	1x900x256;1x900x4
gdino_t_p10_live_800_b1	gdino_t_p10_live	800	1	random	1	33.1	29.9452	0.2964	0.0440	30.2856	1x900x256;1x900x4
gdino_t_p10_cached_800_b1	gdino_t_p10_cached	800	1	random	1	33.7	29.4408	0.2975	0.0490	29.7873	1x900x256;1x900x4
gdino_t_p80_live_800_b1	gdino_t_p80_live	800	1	random	1	28.0	35.3561	0.2971	0.0482	35.7014	1x900x256;1x900x4
gdino_t_p80_cached_800_b1	gdino_t_p80_cached	800	1	random	1	28.2	35.0744	0.3146	0.0502	35.4393	1x900x256;1x900x4
gdino_t_p80_live_384_b1	gdino_t_p80_live	384	1	random	2	85.4	11.6648	0.0717	0.0450	11.7815	1x900x256;1x900x4
gdino_t_p80_cached_384_b1	gdino_t_p80_cached	384	1	random	2	89.0	11.1923	0.0760	0.0461	11.3144	1x900x256;1x900x4
gdino_t_p1_live_800_b1	gdino_t_p1_live	800	1	random	2	32.9	30.1062	0.2964	0.0443	30.4469	1x900x256;1x900x4
gdino_t_p1_cached_800_b1	gdino_t_p1_cached	800	1	random	2	33.5	29.5993	0.2916	0.0451	29.9359	1x900x256;1x900x4
gdino_t_p10_live_800_b1	gdino_t_p10_live	800	1	random	2	33.0	30.0585	0.2965	0.0437	30.3986	1x900x256;1x900x4
gdino_t_p10_cached_800_b1	gdino_t_p10_cached	800	1	random	2	33.5	29.6025	0.2974	0.0497	29.9496	1x900x256;1x900x4
gdino_t_p80_live_800_b1	gdino_t_p80_live	800	1	random	2	27.8	35.5874	0.2969	0.0489	35.9332	1x900x256;1x900x4
gdino_t_p80_cached_800_b1	gdino_t_p80_cached	800	1	random	2	28.1	35.2557	0.3146	0.0496	35.6199	1x900x256;1x900x4
gdino_t_p1_live_384_b1	gdino_t_p1_live	384	1	random	2	99.7	9.9904	0.0709	0.0412	10.1025	1x900x256;1x900x4
gdino_t_p1_cached_384_b1	gdino_t_p1_cached	384	1	random	2	105.1	9.4822	0.0706	0.0414	9.5942	1x900x256;1x900x4
gdino_t_p10_live_384_b1	gdino_t_p10_live	384	1	random	2	100.0	9.9664	0.0707	0.0411	10.0782	1x900x256;1x900x4
gdino_t_p10_cached_384_b1	gdino_t_p10_cached	384	1	random	2	105.7	9.4275	0.0712	0.0412	9.5398	1x900x256;1x900x4
gdino_t_p10_live_800_b1	gdino_t_p10_live	800	1	random	3	32.8	30.2197	0.2964	0.0440	30.5601	1x900x256;1x900x4
gdino_t_p10_cached_800_b1	gdino_t_p10_cached	800	1	random	3	33.4	29.6994	0.2975	0.0487	30.0456	1x900x256;1x900x4
gdino_t_p80_live_800_b1	gdino_t_p80_live	800	1	random	3	27.7	35.6630	0.2969	0.0485	36.0084	1x900x256;1x900x4
gdino_t_p80_cached_800_b1	gdino_t_p80_cached	800	1	random	3	28.0	35.3461	0.3145	0.0499	35.7106	1x900x256;1x900x4
gdino_t_p1_live_384_b1	gdino_t_p1_live	384	1	random	3	99.5	10.0117	0.0706	0.0408	10.1231	1x900x256;1x900x4
gdino_t_p1_cached_384_b1	gdino_t_p1_cached	384	1	random	3	105.1	9.4836	0.0706	0.0414	9.5956	1x900x256;1x900x4
gdino_t_p10_live_384_b1	gdino_t_p10_live	384	1	random	3	99.8	9.9794	0.0707	0.0417	10.0919	1x900x256;1x900x4
gdino_t_p10_cached_384_b1	gdino_t_p10_cached	384	1	random	3	105.6	9.4371	0.0710	0.0412	9.5493	1x900x256;1x900x4
gdino_t_p80_live_384_b1	gdino_t_p80_live	384	1	random	3	84.7	11.7523	0.0719	0.0446	11.8687	1x900x256;1x900x4
gdino_t_p80_cached_384_b1	gdino_t_p80_cached	384	1	random	3	88.4	11.2731	0.0762	0.0465	11.3958	1x900x256;1x900x4
gdino_t_p1_live_800_b1	gdino_t_p1_live	800	1	random	3	32.7	30.2938	0.2963	0.0444	30.6345	1x900x256;1x900x4
gdino_t_p1_cached_800_b1	gdino_t_p1_cached	800	1	random	3	33.2	29.8139	0.2918	0.0458	30.1514	1x900x256;1x900x4
