op_type	zoo_graph	phase0_graph	diff
Constant	1317	1317	+0
Unsqueeze	479	479	+0
Cast	288	288	+0
Reshape	180	180	+0
Concat	163	163	+0
Mul	152	152	+0
Add	149	149	+0
Gather	128	128	+0
Shape	116	116	+0
Transpose	90	90	+0
Div	88	88	+0
Identity	22	139	+117
Sub	72	72	+0
MatMul	72	72	+0
Squeeze	36	36	+0
Slice	36	36	+0
Sqrt	36	36	+0
Mod	32	32	+0
LayerNormalization	26	26	+0
Resize	24	24	+0
Einsum	24	24	+0
Range	24	24	+0
Split	12	12	+0
Erf	12	12	+0
Softmax	12	12	+0
Pad	8	8	+0
ConstantOfShape	8	8	+0
Conv	3	3	+0
