streams	p	s3_input	budget	reps	offered_fps	fps	fast_ms_p50	fast_ms_p95	fast_ms_p99	late_frames	flagged	s3_sent	s3_done	s3_skipped	s3_shed	explain_ms_p50	explain_ms_p99	delivered_pct	overloaded	skip_pct	fast_p99_min	fast_p99_max
4	0.05	crop	0.0	3	120.0	120.000	5.814	11.598	15.196	0.000	326.000	326.000	326.000	0.000	0.000	17.888	47.421	100.0	no	0.0	14.964	15.699
4	0.05	crop	0.1	3	120.0	120.000	5.388	7.751	9.710	0.000	326.000	108.000	108.000	0.000	218.000	16.628	18.285	100.0	no	0.0	9.534	9.820
4	0.05	crop	0.2	3	120.0	120.000	5.610	9.659	10.711	0.000	326.000	236.000	236.000	0.000	90.000	16.931	29.475	100.0	no	0.0	10.538	10.951
4	0.05	crop	0.4	3	120.0	120.000	5.760	11.741	15.588	0.000	326.000	326.000	326.000	0.000	0.000	17.914	47.860	100.0	no	0.0	15.380	15.662
4	0.05	frame	0.0	3	120.0	109.140	658.468	1206.288	1473.092	1675.000	326.000	326.000	326.000	0.000	0.000	744.542	1618.913	91.0	yes	0.0	1455.217	1474.413
4	0.05	frame	0.1	3	120.0	120.000	5.648	18.056	25.917	0.000	326.000	42.000	42.000	0.000	284.000	41.744	43.433	100.0	no	0.0	25.552	26.181
4	0.05	frame	0.2	3	120.0	119.970	5.730	22.006	26.552	0.000	326.000	72.000	72.000	0.000	254.000	41.702	43.679	100.0	no	0.0	26.496	26.780
4	0.05	frame	0.4	3	120.0	119.970	7.574	26.115	28.663	0.000	326.000	149.000	149.000	0.000	177.000	42.480	47.425	100.0	no	0.0	28.457	28.851
4	0.2	crop	0.0	3	120.0	118.930	12.806	18.021	26.836	0.000	1327.000	878.000	878.000	449.000	0.000	204.943	255.593	99.1	no	33.8	26.755	26.960
4	0.2	crop	0.1	3	120.0	120.000	5.590	9.099	10.027	0.000	1327.000	138.000	138.000	0.000	1189.000	16.914	18.364	100.0	no	0.0	9.827	10.073
4	0.2	crop	0.2	3	120.0	120.000	5.732	9.764	10.630	0.000	1327.000	297.000	297.000	0.000	1030.000	17.092	19.366	100.0	no	0.0	10.400	10.833
4	0.2	crop	0.4	3	120.0	120.000	6.271	12.036	15.678	0.000	1327.000	594.000	594.000	0.000	733.000	18.608	44.071	100.0	no	0.0	15.587	16.001
4	0.2	frame	0.0	3	120.0	72.450	4240.938	7346.992	7598.126	1367.000	1062.000	461.000	461.000	601.000	0.000	4772.505	8137.339	60.4	yes	56.6	7587.074	7844.558
4	0.2	frame	0.1	3	120.0	120.000	5.707	19.785	26.052	0.000	1327.000	46.000	46.000	0.000	1281.000	41.796	43.486	100.0	no	0.0	26.000	26.214
4	0.2	frame	0.2	3	120.0	120.000	6.283	22.735	26.591	0.000	1327.000	89.000	89.000	0.000	1238.000	42.043	43.977	100.0	no	0.0	26.535	26.791
4	0.2	frame	0.4	3	120.0	120.000	9.685	26.985	28.692	0.000	1327.000	187.000	187.000	0.000	1140.000	42.799	46.835	100.0	no	0.0	28.621	28.720
8	0.05	crop	0.0	3	240.0	191.920	2117.136	3469.150	3709.464	3360.000	640.000	640.000	640.000	0.000	0.000	2115.276	3793.260	80.0	yes	0.0	3681.631	3721.242
8	0.05	crop	0.1	3	240.0	239.920	14.327	18.655	20.511	0.000	640.000	127.000	127.000	0.000	513.000	33.214	35.810	100.0	no	0.0	20.432	20.518
8	0.05	crop	0.2	3	240.0	238.240	70.103	158.959	207.153	3005.000	640.000	292.000	292.000	0.000	348.000	101.494	259.280	99.3	no	0.0	110.832	266.469
8	0.05	crop	0.4	3	240.0	195.310	1935.048	3183.200	3399.586	3360.000	640.000	614.000	614.000	0.000	26.000	1938.370	3452.796	81.4	yes	0.0	3281.936	3424.603
8	0.05	frame	0.0	3	240.0	109.380	6397.679	10622.302	10853.169	1951.000	374.000	374.000	374.000	0.000	0.000	6182.406	10880.951	45.6	yes	0.0	10843.405	10892.020
8	0.05	frame	0.1	3	240.0	239.900	15.425	38.928	44.055	330.000	640.000	44.000	44.000	0.000	596.000	55.519	60.041	100.0	no	0.0	43.981	44.949
8	0.05	frame	0.2	3	240.0	239.170	32.192	51.373	57.538	1437.000	640.000	85.000	85.000	0.000	555.000	69.570	95.993	99.7	no	0.0	56.892	59.025
8	0.05	frame	0.4	3	240.0	185.940	2393.007	4123.400	4353.940	3360.000	640.000	225.000	225.000	0.000	415.000	2363.076	4370.532	77.5	yes	0.0	4004.401	4363.598
8	0.2	crop	0.0	3	240.0	161.470	3475.886	6073.070	6318.236	3045.000	2412.000	869.000	869.000	1525.000	0.000	4042.348	6770.520	67.3	yes	63.2	6123.003	6493.547
8	0.2	crop	0.1	3	240.0	239.730	14.670	19.491	23.436	0.000	2676.000	146.000	146.000	0.000	2530.000	32.052	37.106	99.9	no	0.0	23.221	24.071
8	0.2	crop	0.2	3	240.0	238.030	67.366	163.679	190.121	3113.000	2676.000	298.000	298.000	0.000	2378.000	97.008	212.231	99.2	no	0.0	139.036	229.309
8	0.2	crop	0.4	3	240.0	175.000	2887.652	5161.028	5408.173	3272.000	2605.000	791.000	791.000	0.000	1814.000	2933.033	5457.893	72.9	yes	0.0	5399.816	5473.959
8	0.2	frame	0.0	3	240.0	83.650	7265.006	12244.535	12693.832	1513.000	1202.000	410.000	410.000	792.000	0.000	8513.026	13596.721	34.9	yes	65.9	12636.108	12702.637
8	0.2	frame	0.1	3	240.0	239.890	15.417	38.839	44.793	327.000	2676.000	46.000	46.000	0.000	2630.000	56.048	60.142	100.0	no	0.0	43.607	44.937
8	0.2	frame	0.2	3	240.0	236.740	120.914	236.123	268.867	3302.000	2676.000	92.000	92.000	0.000	2584.000	169.440	325.675	98.6	no	0.0	246.367	281.649
8	0.2	frame	0.4	3	240.0	177.370	2804.083	4988.504	5194.570	3317.000	2641.000	253.000	253.000	0.000	2389.000	2863.818	5293.434	73.9	yes	0.0	5166.914	5233.703
