method	bank	param	crop	ms	max_crops_s	util_pct	cpu_cores	recall1	score_err_pct	runs
cagra	10000	128	256	11.541	86.5	98	1.0	0.9995	0.000	3
cagra	10000	128	512	43.109	23.2	99.2	1.0	0.9995	0.000	3
cagra	10000	64	256	7.313	138.0	96.9	1.0	0.9950	0.002	3
cagra	10000	64	512	22.536	44.3	99	1.0	0.9950	0.002	3
cpu_flat	10000		256	69.595	14.4	0	8.0	1.0000	0.000	3
cpu_flat	10000		512	276.551	3.6	0	8.0	1.0000	0.000	3
cpu_ivf	10000	32	256	26.045	38.1	0	7.9	0.9371	0.230	3
cpu_ivf	10000	32	512	101.743	9.6	0	7.6	0.9371	0.230	3
faiss_flat16	10000		256	1.678	596.4	99	1.0	0.9997	0.002	3
faiss_flat16	10000		512	6.503	153.7	100	1.0	0.9997	0.002	3
faiss_ivf	10000	32	256	6.994	142.2	100	1.0	0.9371	0.230	3
faiss_ivf	10000	32	512	31.723	32.1	100	1.0	0.9371	0.230	3
faiss_ivf	10000	8	256	1.742	614.7	99	1.0	0.7659	0.773	3
faiss_ivf	10000	8	512	6.306	158.7	100	1.0	0.7659	0.773	3
faiss_ivfpq	10000	32	256	4.996	198.7	100	1.0	0.4293	4.558	3
faiss_ivfpq	10000	32	512	20.046	49.9	100	1.0	0.4293	4.558	3
faiss_ivfpq	10000	8	256	1.415	689.4	99	1.0	0.4095	4.219	3
faiss_ivfpq	10000	8	512	5.664	177.2	100	1.0	0.4095	4.219	3
trt_bf	10000		256	0.297	3045.1	98.3	1.0	0.9199	0.187	3
trt_bf512	10000		512	1.243	785.4	99	1.0	0.9199	0.187	3
cagra	100000	128	256	16.889	59.1	98.7	1.0	0.9901	0.189	3
cagra	100000	128	512	56.604	17.6	99.6	1.0	0.9901	0.189	3
cagra	100000	64	256	10.254	98.3	97.9	1.0	0.9671	0.361	3
cagra	100000	64	512	29.453	33.9	99	1.0	0.9671	0.361	3
cpu_flat	100000		256	691.538	1.4	0	8.0	1.0000	0.000	3
cpu_flat	100000		512	2736.863	0.4	0	8.0	1.0000	0.000	3
cpu_ivf	100000	32	256	331.473	3.0	0	7.1	0.9054	1.238	3
cpu_ivf	100000	32	512	1298.890	0.8	0	7.3	0.9054	1.238	3
faiss_flat16	100000		256	15.824	62.3	100	1.0	0.9993	0.003	3
faiss_flat16	100000		512	64.143	15.6	100	1.0	0.9993	0.003	3
faiss_ivf	100000	32	256	27.210	36.8	100	1.0	0.9039	1.238	3
faiss_ivf	100000	32	512	112.265	8.9	100	1.0	0.9039	1.238	3
faiss_ivf	100000	8	256	3.646	273.8	100	1.0	0.7301	2.524	3
faiss_ivf	100000	8	512	14.562	68.8	100	1.0	0.7301	2.524	3
faiss_ivfpq	100000	32	256	5.276	188.0	100.0	1.0	0.3457	4.731	3
faiss_ivfpq	100000	32	512	20.949	47.6	100	1.0	0.3457	4.731	3
faiss_ivfpq	100000	8	256	1.577	626.0	99	1.0	0.3271	4.529	3
faiss_ivfpq	100000	8	512	6.240	159.7	100	1.0	0.3271	4.529	3
trt_bf	100000		256	2.931	337.2	100	1.0	0.8846	0.178	3
trt_bf512	100000		512	11.268	88.3	100	1.0	0.8846	0.178	3
cagra	1000000	128	256	15.788	63.3	98.5	1.0	0.8989	1.027	3
cagra	1000000	128	512	46.798	21.3	99.1	1.0	0.8989	1.027	3
cagra	1000000	64	256	10.183	100.2	97.9	1.0	0.7959	2.167	3
cagra	1000000	64	512	25.684	38.9	99	1.0	0.7959	2.167	3
cpu_flat	1000000		256	6922.940	0.1	0	8.0	0.9999	0.000	3
cpu_flat	1000000		512	27427.575	0.0	0	8.0	0.9999	0.000	3
cpu_ivf	1000000	32	256	1431.720	0.7	0	7.3	0.8954	0.449	3
cpu_ivf	1000000	32	512	5723.868	0.2	0	7.4	0.8954	0.449	3
faiss_flat16	1000000		256	163.967	6.1	99.4	1.0	0.9987	0.003	3
faiss_flat16	1000000		512	650.347	1.5	99.9	1.0	0.9987	0.003	3
faiss_ivf	1000000	32	256	92.224	10.8	100	1.0	0.8959	0.449	3
faiss_ivf	1000000	32	512	376.506	2.7	100	1.0	0.8959	0.449	3
faiss_ivf	1000000	8	256	15.183	66.0	100	1.0	0.7245	1.340	3
faiss_ivf	1000000	8	512	57.436	17.7	100	1.0	0.7245	1.340	3
faiss_ivfpq	1000000	32	256	6.529	152.3	100	1.0	0.1954	4.358	3
faiss_ivfpq	1000000	32	512	25.987	38.5	100	1.0	0.1954	4.358	3
faiss_ivfpq	1000000	8	256	2.267	441.2	99	1.0	0.1882	4.123	3
faiss_ivfpq	1000000	8	512	8.796	113.1	100	1.0	0.1882	4.123	3
trt_bf	1000000		256	29.070	34.3	100	1.0	0.7625	0.283	3
