arm	streams	k	reps	offered_fps	fps	fast_ms_p50	fast_ms_p95	fast_ms_p99	late_frames	flagged	s3_sent	s3_done	s3_skipped	s3_shed	explain_ms_p50	explain_ms_p99	delivered_pct	overloaded	skip_pct	fast_p99_min	fast_p99_max
bls	1	4	3	30.0	30.000	6.077	6.334	6.472	0.000	0.000	0.000	0.000	0.000	0.000	0.000	0.000	100.0	no	0.0	6.421	6.570
bls	1	16	3	30.0	30.000	13.047	13.346	13.492	0.000	0.000	0.000	0.000	0.000	0.000	0.000	0.000	100.0	no	0.0	13.472	21.976
bls	4	4	3	120.0	120.000	7.137	9.184	9.298	0.000	0.000	0.000	0.000	0.000	0.000	0.000	0.000	100.0	no	0.0	9.253	17.546
bls	4	16	3	120.0	84.290	3210.334	5694.291	5935.870	1569.000	0.000	0.000	0.000	0.000	0.000	0.000	0.000	70.2	yes	0.0	5922.136	6008.838
bls	8	4	3	240.0	228.280	436.994	734.142	779.869	3360.000	0.000	0.000	0.000	0.000	0.000	0.000	0.000	95.1	no	0.0	748.897	1045.904
bls	8	16	3	240.0	84.240	7448.504	12483.947	12930.940	1452.000	0.000	0.000	0.000	0.000	0.000	0.000	0.000	35.1	yes	0.0	12892.373	12937.823
bls	16	4	3	480.0	229.990	5822.160	10017.346	10362.872	4134.000	0.000	0.000	0.000	0.000	0.000	0.000	0.000	47.9	yes	0.0	10333.364	10454.351
bls	16	16	3	480.0	84.100	10675.270	16060.618	16526.770	1217.000	0.000	0.000	0.000	0.000	0.000	0.000	0.000	17.5	yes	0.0	16524.416	16535.421
client	1	4	3	30.0	30.000	4.899	5.004	5.067	0.000	0.000	0.000	0.000	0.000	0.000	0.000	0.000	100.0	no	0.0	5.055	9.843
client	1	16	3	30.0	30.000	11.824	11.927	11.968	0.000	0.000	0.000	0.000	0.000	0.000	0.000	0.000	100.0	no	0.0	11.948	16.745
client	4	4	3	120.0	120.000	5.396	7.676	7.752	0.000	0.000	0.000	0.000	0.000	0.000	0.000	0.000	100.0	no	0.0	7.573	11.690
client	4	16	3	120.0	92.530	2398.015	4259.518	4420.599	1680.000	0.000	0.000	0.000	0.000	0.000	0.000	0.000	77.1	yes	0.0	4377.332	4625.663
client	8	4	3	240.0	239.950	12.513	15.434	15.945	0.000	0.000	0.000	0.000	0.000	0.000	0.000	0.000	100.0	no	0.0	15.703	21.738
client	8	16	3	240.0	92.220	6991.137	11830.298	12259.511	1611.000	0.000	0.000	0.000	0.000	0.000	0.000	0.000	38.4	yes	0.0	12256.773	12285.046
client	16	4	3	480.0	293.730	4206.751	7425.064	7713.989	5409.000	0.000	0.000	0.000	0.000	0.000	0.000	0.000	61.2	yes	0.0	7657.763	7733.929
client	16	16	3	480.0	91.890	10281.302	15705.779	16196.149	1372.000	0.000	0.000	0.000	0.000	0.000	0.000	0.000	19.1	yes	0.0	16178.705	16205.528
